--
-- PostgreSQL database dump
--

-- Dumped from database version 14.17 (Homebrew)
-- Dumped by pg_dump version 14.17 (Homebrew)

SET statement_timeout = 0;
SET lock_timeout = 0;
SET idle_in_transaction_session_timeout = 0;
SET client_encoding = 'UTF8';
SET standard_conforming_strings = on;
SELECT pg_catalog.set_config('search_path', '', false);
SET check_function_bodies = false;
SET xmloption = content;
SET client_min_messages = warning;
SET row_security = off;

SET default_tablespace = '';

SET default_table_access_method = heap;

--
-- Name: CoinEarning; Type: TABLE; Schema: public; Owner: vasu
--

CREATE TABLE public."CoinEarning" (
    id integer NOT NULL,
    "userId" integer NOT NULL,
    "teamId" integer NOT NULL,
    amount integer NOT NULL,
    "timestamp" timestamp(3) without time zone NOT NULL
);


ALTER TABLE public."CoinEarning" OWNER TO vasu;

--
-- Name: CoinEarning_id_seq; Type: SEQUENCE; Schema: public; Owner: vasu
--

CREATE SEQUENCE public."CoinEarning_id_seq"
    AS integer
    START WITH 1
    INCREMENT BY 1
    NO MINVALUE
    NO MAXVALUE
    CACHE 1;


ALTER TABLE public."CoinEarning_id_seq" OWNER TO vasu;

--
-- Name: CoinEarning_id_seq; Type: SEQUENCE OWNED BY; Schema: public; Owner: vasu
--

ALTER SEQUENCE public."CoinEarning_id_seq" OWNED BY public."CoinEarning".id;


--
-- Name: Team; Type: TABLE; Schema: public; Owner: vasu
--

CREATE TABLE public."Team" (
    id integer NOT NULL,
    name text NOT NULL,
    "createdAt" timestamp(3) without time zone DEFAULT CURRENT_TIMESTAMP NOT NULL,
    "updatedAt" timestamp(3) without time zone NOT NULL,
    status boolean NOT NULL
);


ALTER TABLE public."Team" OWNER TO vasu;

--
-- Name: Team_id_seq; Type: SEQUENCE; Schema: public; Owner: vasu
--

CREATE SEQUENCE public."Team_id_seq"
    AS integer
    START WITH 1
    INCREMENT BY 1
    NO MINVALUE
    NO MAXVALUE
    CACHE 1;


ALTER TABLE public."Team_id_seq" OWNER TO vasu;

--
-- Name: Team_id_seq; Type: SEQUENCE OWNED BY; Schema: public; Owner: vasu
--

ALTER SEQUENCE public."Team_id_seq" OWNED BY public."Team".id;


--
-- Name: User; Type: TABLE; Schema: public; Owner: vasu
--

CREATE TABLE public."User" (
    id integer NOT NULL,
    pseudo text NOT NULL,
    "teamId" integer NOT NULL,
    "createdAt" timestamp(3) without time zone DEFAULT CURRENT_TIMESTAMP NOT NULL,
    "updatedAt" timestamp(3) without time zone NOT NULL,
    status boolean NOT NULL
);


ALTER TABLE public."User" OWNER TO vasu;

--
-- Name: User_id_seq; Type: SEQUENCE; Schema: public; Owner: vasu
--

CREATE SEQUENCE public."User_id_seq"
    AS integer
    START WITH 1
    INCREMENT BY 1
    NO MINVALUE
    NO MAXVALUE
    CACHE 1;


ALTER TABLE public."User_id_seq" OWNER TO vasu;

--
-- Name: User_id_seq; Type: SEQUENCE OWNED BY; Schema: public; Owner: vasu
--

ALTER SEQUENCE public."User_id_seq" OWNED BY public."User".id;


--
-- Name: _prisma_migrations; Type: TABLE; Schema: public; Owner: vasu
--

CREATE TABLE public._prisma_migrations (
    id character varying(36) NOT NULL,
    checksum character varying(64) NOT NULL,
    finished_at timestamp with time zone,
    migration_name character varying(255) NOT NULL,
    logs text,
    rolled_back_at timestamp with time zone,
    started_at timestamp with time zone DEFAULT now() NOT NULL,
    applied_steps_count integer DEFAULT 0 NOT NULL
);


ALTER TABLE public._prisma_migrations OWNER TO vasu;

--
-- Name: CoinEarning id; Type: DEFAULT; Schema: public; Owner: vasu
--

ALTER TABLE ONLY public."CoinEarning" ALTER COLUMN id SET DEFAULT nextval('public."CoinEarning_id_seq"'::regclass);


--
-- Name: Team id; Type: DEFAULT; Schema: public; Owner: vasu
--

ALTER TABLE ONLY public."Team" ALTER COLUMN id SET DEFAULT nextval('public."Team_id_seq"'::regclass);


--
-- Name: User id; Type: DEFAULT; Schema: public; Owner: vasu
--

ALTER TABLE ONLY public."User" ALTER COLUMN id SET DEFAULT nextval('public."User_id_seq"'::regclass);


--
-- Data for Name: CoinEarning; Type: TABLE DATA; Schema: public; Owner: vasu
--

COPY public."CoinEarning" (id, "userId", "teamId", amount, "timestamp") FROM stdin;
1	1	1	13	2025-06-08 03:27:32.583
2	1	1	19	2025-06-18 02:21:39.921
3	3	1	19	2025-07-10 13:20:47.492
4	3	1	1	2025-06-18 14:28:23.101
5	3	1	3	2025-07-03 20:26:14.981
6	9	1	11	2025-06-01 04:00:38.396
7	8	1	19	2025-06-29 08:05:42.362
8	10	1	17	2025-06-23 00:23:16.102
9	10	1	2	2025-07-01 01:20:34.142
10	10	1	20	2025-06-20 13:47:37.476
11	6	1	15	2025-07-01 12:55:25.359
12	6	1	13	2025-06-20 10:16:20.289
13	4	1	17	2025-06-10 01:52:45.382
14	2	1	12	2025-06-09 16:52:17.325
15	2	1	6	2025-07-06 23:32:42.188
16	7	1	5	2025-07-08 18:15:12.17
17	12	1	13	2025-06-04 13:14:33.134
18	5	1	16	2025-07-06 09:05:25.781
19	5	1	10	2025-06-09 05:41:24.166
20	11	1	17	2025-06-19 23:39:40.036
21	11	1	17	2025-06-22 15:54:25.538
22	13	2	6	2025-07-04 15:49:43.45
23	13	2	15	2025-06-05 08:51:55.738
24	14	2	16	2025-07-08 20:28:38.668
25	14	2	3	2025-06-05 23:52:08.674
26	14	2	3	2025-07-05 13:32:49.107
27	15	2	10	2025-06-15 13:21:31.952
28	17	2	9	2025-06-19 11:59:53.23
29	17	2	16	2025-07-03 13:30:23.676
30	17	2	15	2025-07-06 12:38:51.134
31	19	2	17	2025-07-04 13:32:54.278
32	19	2	20	2025-06-08 22:40:34.793
33	19	2	19	2025-06-29 14:48:50.589
34	23	2	5	2025-07-06 17:51:41.409
35	23	2	14	2025-07-19 06:09:33.336
36	16	2	15	2025-07-17 10:21:22.867
37	24	2	12	2025-07-10 14:44:33.506
38	22	2	7	2025-06-09 00:35:46.005
39	22	2	8	2025-06-26 23:19:32.694
40	22	2	1	2025-06-16 02:29:53.582
41	18	2	14	2025-07-07 12:15:09.222
42	18	2	2	2025-06-10 18:29:59.164
43	18	2	2	2025-06-07 07:09:26.101
44	21	2	4	2025-06-02 06:41:57.64
45	20	2	6	2025-06-22 05:50:44.689
46	20	2	16	2025-06-26 01:54:00.637
47	20	2	13	2025-07-02 08:05:51.476
48	25	3	18	2025-06-14 19:17:34.627
49	25	3	2	2025-06-29 19:13:59.191
50	25	3	9	2025-06-11 03:17:32.788
51	26	3	9	2025-07-01 04:40:15.204
52	34	3	3	2025-07-11 15:51:49.683
53	31	3	13	2025-06-06 09:48:03.815
54	31	3	3	2025-06-05 20:59:03.703
55	31	3	12	2025-06-09 05:47:51.867
56	28	3	17	2025-06-01 00:06:30.118
57	28	3	12	2025-07-10 15:37:22.697
58	29	3	13	2025-07-01 05:41:43.203
59	27	3	14	2025-07-05 12:59:41.217
60	27	3	2	2025-06-14 09:38:04.331
61	27	3	12	2025-07-19 18:55:05.943
62	32	3	9	2025-07-08 15:06:28.83
63	32	3	5	2025-07-14 18:20:54.702
64	32	3	4	2025-07-16 07:03:46.938
65	35	3	3	2025-06-29 12:15:14.703
66	35	3	5	2025-07-15 09:10:40.1
67	36	3	6	2025-06-21 10:44:21.174
68	36	3	14	2025-07-11 22:15:32.613
69	30	3	6	2025-07-01 09:49:25.626
70	30	3	14	2025-06-16 01:49:25.267
71	30	3	6	2025-07-18 10:18:16.161
72	33	3	4	2025-07-11 08:53:06.603
73	37	4	17	2025-06-12 16:29:49.331
74	38	4	16	2025-06-15 14:53:42.473
75	38	4	15	2025-06-18 04:18:38.146
76	38	4	2	2025-06-12 21:44:21.75
77	43	4	7	2025-06-02 17:00:01.892
78	43	4	19	2025-06-23 02:04:48.47
79	44	4	7	2025-06-19 06:38:12.835
80	44	4	15	2025-06-02 22:45:00.86
81	44	4	5	2025-06-11 03:33:57.558
82	41	4	12	2025-07-19 11:32:31.475
83	41	4	14	2025-06-27 04:40:19.2
84	41	4	17	2025-07-03 04:21:44.749
85	39	4	9	2025-06-04 07:08:25.684
86	39	4	16	2025-06-20 15:20:44.889
87	40	4	9	2025-06-14 19:13:11.005
88	46	4	7	2025-06-06 01:38:02.428
89	46	4	6	2025-06-04 14:36:28.982
90	46	4	4	2025-06-28 16:36:52.986
91	48	4	20	2025-07-15 19:35:14.838
92	42	4	4	2025-07-11 00:18:23.211
93	42	4	14	2025-07-04 14:07:04.407
94	42	4	15	2025-07-17 13:51:32.603
95	45	4	16	2025-06-28 04:17:40.615
96	45	4	4	2025-06-06 20:27:24.082
97	47	4	3	2025-07-17 08:45:06.687
98	47	4	8	2025-07-03 17:16:01.561
99	47	4	6	2025-06-15 01:52:59.709
100	52	5	9	2025-06-05 11:20:24.342
101	52	5	12	2025-06-27 10:07:58.298
102	52	5	14	2025-07-17 10:02:32.204
103	50	5	8	2025-06-06 12:01:21.892
104	50	5	8	2025-07-06 06:51:28.385
105	49	5	17	2025-06-04 14:11:54.621
106	49	5	6	2025-07-19 00:02:06.22
107	57	5	14	2025-07-03 09:15:53.278
108	56	5	9	2025-07-10 18:18:29.878
109	56	5	20	2025-06-24 02:51:11.726
110	56	5	15	2025-06-25 13:18:40.257
111	58	5	13	2025-07-19 22:00:39.004
112	53	5	11	2025-07-19 22:19:24.712
113	51	5	1	2025-07-10 14:02:46.989
114	51	5	13	2025-06-11 16:24:05.169
115	51	5	14	2025-07-18 16:05:09.991
116	54	5	15	2025-06-08 10:54:06.343
117	54	5	18	2025-06-28 11:01:07.194
118	54	5	7	2025-06-12 02:11:11.894
119	55	5	11	2025-07-06 18:57:44.83
120	60	5	1	2025-06-02 08:40:22.234
121	60	5	7	2025-06-09 08:57:50.903
122	60	5	11	2025-07-02 01:10:12.59
123	59	5	2	2025-06-23 07:16:32.721
124	59	5	10	2025-06-19 06:50:18.18
125	59	5	15	2025-07-20 14:53:37.238
126	64	6	20	2025-07-03 20:30:41.488
127	61	6	7	2025-07-16 02:52:21.682
128	62	6	4	2025-06-21 23:07:31.111
129	62	6	18	2025-07-13 18:55:22.022
130	62	6	15	2025-07-09 22:24:11.173
131	63	6	8	2025-07-20 19:21:51.951
132	63	6	20	2025-06-08 11:56:33.821
133	71	6	20	2025-07-13 01:53:03.798
134	69	6	7	2025-06-13 02:23:59.406
135	65	6	17	2025-07-06 03:53:58.493
136	65	6	3	2025-06-22 03:25:53.232
137	67	6	3	2025-06-14 17:16:26.816
138	68	6	14	2025-06-16 05:57:57.466
139	68	6	20	2025-06-26 13:18:35.266
140	68	6	13	2025-06-17 07:09:15.959
141	66	6	20	2025-06-19 16:53:06.268
142	66	6	13	2025-06-29 11:12:57.762
143	70	6	6	2025-06-28 00:11:14.568
144	70	6	20	2025-07-10 12:07:51.156
145	72	6	14	2025-06-27 18:38:09.52
146	75	7	2	2025-06-27 11:02:08.519
147	75	7	10	2025-07-16 10:14:17.989
148	75	7	5	2025-06-16 04:24:37.268
149	73	7	5	2025-06-05 13:19:38.578
150	73	7	20	2025-07-08 16:08:12.652
151	73	7	10	2025-06-01 18:37:18.412
152	78	7	8	2025-07-03 21:31:50.325
153	74	7	20	2025-06-01 13:16:59.565
154	74	7	6	2025-07-13 16:24:56.094
155	84	7	15	2025-07-05 04:58:15.834
156	81	7	18	2025-07-08 05:01:02.473
157	77	7	11	2025-06-16 18:03:55.543
158	76	7	5	2025-07-07 21:00:36.418
159	79	7	5	2025-06-28 21:43:57.653
160	79	7	20	2025-06-16 11:08:28.103
161	83	7	2	2025-06-28 22:51:07.213
162	83	7	19	2025-06-14 11:34:35.877
163	83	7	8	2025-06-20 05:02:05.218
164	82	7	3	2025-07-19 13:11:29.215
165	82	7	13	2025-06-09 02:27:29.41
166	80	7	12	2025-06-05 16:00:03.379
167	80	7	4	2025-06-18 00:53:21.162
168	80	7	1	2025-06-16 16:33:25.831
169	85	8	6	2025-06-18 11:34:27.79
170	87	8	6	2025-07-03 09:15:44.806
171	87	8	4	2025-06-30 12:44:31.81
172	86	8	20	2025-07-11 12:05:19.873
173	89	8	4	2025-07-15 23:36:47.113
174	89	8	4	2025-06-05 04:09:03.328
175	89	8	9	2025-06-23 22:40:27.366
176	93	8	12	2025-07-16 04:51:54.55
177	93	8	3	2025-07-05 00:20:02.824
178	88	8	13	2025-06-17 15:08:10.088
179	88	8	20	2025-06-05 02:14:39.022
180	88	8	15	2025-07-05 04:59:18.735
181	96	8	6	2025-07-01 01:04:30.033
182	95	8	7	2025-07-03 07:15:39.961
183	95	8	10	2025-07-05 19:57:30.887
184	95	8	9	2025-06-25 06:03:39.805
185	94	8	10	2025-07-16 05:46:23.143
186	91	8	17	2025-06-26 00:51:44.974
187	91	8	18	2025-06-07 01:31:29.767
188	90	8	9	2025-06-24 01:34:49.858
189	92	8	16	2025-06-07 09:28:35.323
190	92	8	17	2025-06-07 20:09:41.159
191	98	9	8	2025-07-17 06:54:37.21
192	98	9	3	2025-06-16 05:43:12.933
193	97	9	7	2025-06-18 03:36:43.443
194	97	9	19	2025-06-21 16:33:44.243
195	101	9	19	2025-06-11 18:47:42.1
196	100	9	9	2025-06-12 07:43:09.301
197	100	9	10	2025-07-11 14:56:57.147
198	100	9	5	2025-06-09 12:37:41.38
199	105	9	15	2025-06-10 17:29:59.133
200	105	9	16	2025-07-02 19:48:23.733
201	107	9	4	2025-07-03 04:10:53.895
202	107	9	6	2025-06-13 15:33:01.472
203	107	9	15	2025-07-14 21:12:32.84
204	106	9	19	2025-07-03 00:06:26.542
205	106	9	20	2025-07-16 21:17:12.603
206	104	9	12	2025-06-11 12:28:50.025
207	104	9	18	2025-06-13 05:03:44.022
208	104	9	1	2025-07-03 18:51:57.751
209	99	9	9	2025-07-01 08:30:26.475
210	102	9	15	2025-06-29 20:04:02.917
211	103	9	14	2025-07-12 06:46:56.062
212	108	9	8	2025-07-02 12:28:04.978
213	108	9	3	2025-06-02 06:40:55.183
214	108	9	16	2025-07-02 16:07:46.101
215	109	10	8	2025-06-01 11:58:48.54
216	110	10	9	2025-06-12 13:43:04.901
217	110	10	8	2025-07-20 17:05:44.131
218	116	10	11	2025-07-12 12:08:52.07
219	111	10	16	2025-06-18 20:52:27.541
220	111	10	20	2025-06-07 19:18:14.169
221	111	10	7	2025-07-08 11:39:05.67
222	112	10	17	2025-07-06 17:06:46.399
223	112	10	16	2025-06-15 12:15:02.417
224	112	10	15	2025-07-01 15:00:36.473
225	115	10	6	2025-06-28 13:31:13.729
226	115	10	12	2025-07-04 21:15:30.299
227	117	10	18	2025-06-03 08:32:54.705
228	120	10	10	2025-07-03 17:18:43.708
229	120	10	4	2025-07-11 11:00:36.42
230	120	10	8	2025-06-12 07:00:40.603
231	119	10	18	2025-06-05 09:13:26.561
232	113	10	2	2025-06-20 00:21:30.969
233	113	10	19	2025-07-13 16:03:44.972
234	113	10	7	2025-06-21 02:31:52.086
235	114	10	16	2025-07-14 23:29:55.834
236	118	10	18	2025-06-13 23:08:07.691
237	118	10	3	2025-06-11 14:49:32.143
\.


--
-- Data for Name: Team; Type: TABLE DATA; Schema: public; Owner: vasu
--

COPY public."Team" (id, name, "createdAt", "updatedAt", status) FROM stdin;
1	Fnatic	2025-07-23 02:12:44.923	2025-07-23 02:12:44.923	t
2	Team Liquid	2025-07-23 02:12:44.973	2025-07-23 02:12:44.973	t
3	Cloud9	2025-07-23 02:12:44.999	2025-07-23 02:12:44.999	t
4	G2 Esports	2025-07-23 02:12:45.019	2025-07-23 02:12:45.019	t
5	T1	2025-07-23 02:12:45.037	2025-07-23 02:12:45.037	t
6	100 Thieves	2025-07-23 02:12:45.051	2025-07-23 02:12:45.051	t
7	FaZe Clan	2025-07-23 02:12:45.062	2025-07-23 02:12:45.062	t
8	OG	2025-07-23 02:12:45.074	2025-07-23 02:12:45.074	t
9	Team Vitality	2025-07-23 02:12:45.086	2025-07-23 02:12:45.086	t
10	SK Gaming	2025-07-23 02:12:45.098	2025-07-23 02:12:45.098	t
\.


--
-- Data for Name: User; Type: TABLE DATA; Schema: public; Owner: vasu
--

COPY public."User" (id, pseudo, "teamId", "createdAt", "updatedAt", status) FROM stdin;
1	Blaze00	1	2025-07-23 02:12:44.931	2025-07-23 02:12:44.931	t
2	Cyber07	1	2025-07-23 02:12:44.932	2025-07-23 02:12:44.932	t
3	Neo01	1	2025-07-23 02:12:44.931	2025-07-23 02:12:44.931	t
4	Luna06	1	2025-07-23 02:12:44.932	2025-07-23 02:12:44.932	t
5	Frost010	1	2025-07-23 02:12:44.932	2025-07-23 02:12:44.932	t
6	Byte05	1	2025-07-23 02:12:44.932	2025-07-23 02:12:44.932	t
7	Pixel08	1	2025-07-23 02:12:44.932	2025-07-23 02:12:44.932	t
8	Vortex03	1	2025-07-23 02:12:44.931	2025-07-23 02:12:44.931	t
9	Ghost02	1	2025-07-23 02:12:44.931	2025-07-23 02:12:44.931	t
10	Crimson04	1	2025-07-23 02:12:44.931	2025-07-23 02:12:44.931	t
11	Nova011	1	2025-07-23 02:12:44.932	2025-07-23 02:12:44.932	t
12	Arcane09	1	2025-07-23 02:12:44.932	2025-07-23 02:12:44.932	t
13	Vortex10	2	2025-07-23 02:12:44.974	2025-07-23 02:12:44.974	t
14	Crimson11	2	2025-07-23 02:12:44.974	2025-07-23 02:12:44.974	t
15	Byte12	2	2025-07-23 02:12:44.974	2025-07-23 02:12:44.974	t
16	Arcane16	2	2025-07-23 02:12:44.974	2025-07-23 02:12:44.974	t
18	Zero19	2	2025-07-23 02:12:44.974	2025-07-23 02:12:44.974	t
19	Cyber14	2	2025-07-23 02:12:44.974	2025-07-23 02:12:44.974	t
20	Loot111	2	2025-07-23 02:12:44.974	2025-07-23 02:12:44.974	t
21	Neko110	2	2025-07-23 02:12:44.974	2025-07-23 02:12:44.974	t
22	Nova18	2	2025-07-23 02:12:44.974	2025-07-23 02:12:44.974	t
17	Luna13	2	2025-07-23 02:12:44.974	2025-07-23 02:12:44.974	t
23	Pixel15	2	2025-07-23 02:12:44.974	2025-07-23 02:12:44.974	t
24	Frost17	2	2025-07-23 02:12:44.974	2025-07-23 02:12:44.974	t
25	Luna20	3	2025-07-23 02:12:45	2025-07-23 02:12:45	t
26	Cyber21	3	2025-07-23 02:12:45	2025-07-23 02:12:45	t
27	Zero26	3	2025-07-23 02:12:45	2025-07-23 02:12:45	t
29	Nova25	3	2025-07-23 02:12:45	2025-07-23 02:12:45	t
32	Neko27	3	2025-07-23 02:12:45	2025-07-23 02:12:45	t
33	Crit211	3	2025-07-23 02:12:45	2025-07-23 02:12:45	t
28	Frost24	3	2025-07-23 02:12:45	2025-07-23 02:12:45	t
30	Tank210	3	2025-07-23 02:12:45	2025-07-23 02:12:45	t
35	Loot28	3	2025-07-23 02:12:45	2025-07-23 02:12:45	t
31	Arcane23	3	2025-07-23 02:12:45	2025-07-23 02:12:45	t
34	Pixel22	3	2025-07-23 02:12:45	2025-07-23 02:12:45	t
36	Mana29	3	2025-07-23 02:12:45	2025-07-23 02:12:45	t
37	Arcane30	4	2025-07-23 02:12:45.02	2025-07-23 02:12:45.02	t
38	Frost31	4	2025-07-23 02:12:45.02	2025-07-23 02:12:45.02	t
39	Loot35	4	2025-07-23 02:12:45.02	2025-07-23 02:12:45.02	t
40	Mana36	4	2025-07-23 02:12:45.02	2025-07-23 02:12:45.02	t
42	Blaze39	4	2025-07-23 02:12:45.02	2025-07-23 02:12:45.02	t
43	Nova32	4	2025-07-23 02:12:45.02	2025-07-23 02:12:45.02	t
44	Zero33	4	2025-07-23 02:12:45.02	2025-07-23 02:12:45.02	t
45	Neo310	4	2025-07-23 02:12:45.02	2025-07-23 02:12:45.02	t
41	Neko34	4	2025-07-23 02:12:45.02	2025-07-23 02:12:45.02	t
46	Tank37	4	2025-07-23 02:12:45.02	2025-07-23 02:12:45.02	t
48	Crit38	4	2025-07-23 02:12:45.02	2025-07-23 02:12:45.02	t
47	Ghost311	4	2025-07-23 02:12:45.02	2025-07-23 02:12:45.02	t
49	Loot42	5	2025-07-23 02:12:45.037	2025-07-23 02:12:45.037	t
50	Neko41	5	2025-07-23 02:12:45.037	2025-07-23 02:12:45.037	t
52	Zero40	5	2025-07-23 02:12:45.037	2025-07-23 02:12:45.037	t
51	Neo47	5	2025-07-23 02:12:45.038	2025-07-23 02:12:45.038	t
53	Blaze46	5	2025-07-23 02:12:45.038	2025-07-23 02:12:45.038	t
54	Ghost48	5	2025-07-23 02:12:45.038	2025-07-23 02:12:45.038	t
55	Vortex49	5	2025-07-23 02:12:45.038	2025-07-23 02:12:45.038	t
56	Tank44	5	2025-07-23 02:12:45.038	2025-07-23 02:12:45.038	t
57	Mana43	5	2025-07-23 02:12:45.038	2025-07-23 02:12:45.038	t
58	Crit45	5	2025-07-23 02:12:45.038	2025-07-23 02:12:45.038	t
59	Byte411	5	2025-07-23 02:12:45.038	2025-07-23 02:12:45.038	t
60	Crimson410	5	2025-07-23 02:12:45.038	2025-07-23 02:12:45.038	t
61	Tank51	6	2025-07-23 02:12:45.052	2025-07-23 02:12:45.052	t
62	Crit52	6	2025-07-23 02:12:45.052	2025-07-23 02:12:45.052	t
65	Vortex56	6	2025-07-23 02:12:45.052	2025-07-23 02:12:45.052	t
64	Mana50	6	2025-07-23 02:12:45.052	2025-07-23 02:12:45.052	t
63	Blaze53	6	2025-07-23 02:12:45.052	2025-07-23 02:12:45.052	t
66	Luna59	6	2025-07-23 02:12:45.052	2025-07-23 02:12:45.052	t
67	Crimson57	6	2025-07-23 02:12:45.052	2025-07-23 02:12:45.052	t
68	Byte58	6	2025-07-23 02:12:45.052	2025-07-23 02:12:45.052	t
69	Ghost55	6	2025-07-23 02:12:45.052	2025-07-23 02:12:45.052	t
70	Cyber510	6	2025-07-23 02:12:45.052	2025-07-23 02:12:45.052	t
71	Neo54	6	2025-07-23 02:12:45.052	2025-07-23 02:12:45.052	t
72	Pixel511	6	2025-07-23 02:12:45.052	2025-07-23 02:12:45.052	t
73	Neo61	7	2025-07-23 02:12:45.063	2025-07-23 02:12:45.063	t
74	Vortex63	7	2025-07-23 02:12:45.063	2025-07-23 02:12:45.063	t
75	Blaze60	7	2025-07-23 02:12:45.063	2025-07-23 02:12:45.063	t
76	Cyber67	7	2025-07-23 02:12:45.063	2025-07-23 02:12:45.063	t
77	Luna66	7	2025-07-23 02:12:45.063	2025-07-23 02:12:45.063	t
78	Ghost62	7	2025-07-23 02:12:45.063	2025-07-23 02:12:45.063	t
79	Pixel68	7	2025-07-23 02:12:45.063	2025-07-23 02:12:45.063	t
80	Nova611	7	2025-07-23 02:12:45.063	2025-07-23 02:12:45.063	t
81	Byte65	7	2025-07-23 02:12:45.063	2025-07-23 02:12:45.063	t
82	Frost610	7	2025-07-23 02:12:45.063	2025-07-23 02:12:45.063	t
83	Arcane69	7	2025-07-23 02:12:45.063	2025-07-23 02:12:45.063	t
84	Crimson64	7	2025-07-23 02:12:45.063	2025-07-23 02:12:45.063	t
85	Vortex70	8	2025-07-23 02:12:45.075	2025-07-23 02:12:45.075	t
86	Byte72	8	2025-07-23 02:12:45.075	2025-07-23 02:12:45.075	t
87	Crimson71	8	2025-07-23 02:12:45.075	2025-07-23 02:12:45.075	t
88	Pixel75	8	2025-07-23 02:12:45.075	2025-07-23 02:12:45.075	t
89	Luna73	8	2025-07-23 02:12:45.075	2025-07-23 02:12:45.075	t
90	Neko710	8	2025-07-23 02:12:45.075	2025-07-23 02:12:45.075	t
91	Zero79	8	2025-07-23 02:12:45.075	2025-07-23 02:12:45.075	t
93	Cyber74	8	2025-07-23 02:12:45.075	2025-07-23 02:12:45.075	t
94	Nova78	8	2025-07-23 02:12:45.075	2025-07-23 02:12:45.075	t
95	Frost77	8	2025-07-23 02:12:45.075	2025-07-23 02:12:45.075	t
92	Loot711	8	2025-07-23 02:12:45.075	2025-07-23 02:12:45.075	t
96	Arcane76	8	2025-07-23 02:12:45.075	2025-07-23 02:12:45.075	t
97	Cyber81	9	2025-07-23 02:12:45.086	2025-07-23 02:12:45.086	t
99	Loot88	9	2025-07-23 02:12:45.086	2025-07-23 02:12:45.086	t
100	Arcane83	9	2025-07-23 02:12:45.086	2025-07-23 02:12:45.086	t
101	Pixel82	9	2025-07-23 02:12:45.086	2025-07-23 02:12:45.086	t
98	Luna80	9	2025-07-23 02:12:45.086	2025-07-23 02:12:45.086	t
102	Mana89	9	2025-07-23 02:12:45.086	2025-07-23 02:12:45.086	t
103	Tank810	9	2025-07-23 02:12:45.086	2025-07-23 02:12:45.086	t
104	Neko87	9	2025-07-23 02:12:45.086	2025-07-23 02:12:45.086	t
105	Frost84	9	2025-07-23 02:12:45.086	2025-07-23 02:12:45.086	t
107	Nova85	9	2025-07-23 02:12:45.086	2025-07-23 02:12:45.086	t
106	Zero86	9	2025-07-23 02:12:45.086	2025-07-23 02:12:45.086	t
108	Crit811	9	2025-07-23 02:12:45.086	2025-07-23 02:12:45.086	t
109	Arcane90	10	2025-07-23 02:12:45.099	2025-07-23 02:12:45.099	t
110	Frost91	10	2025-07-23 02:12:45.099	2025-07-23 02:12:45.099	t
112	Neko94	10	2025-07-23 02:12:45.099	2025-07-23 02:12:45.099	t
111	Zero93	10	2025-07-23 02:12:45.099	2025-07-23 02:12:45.099	t
115	Loot95	10	2025-07-23 02:12:45.099	2025-07-23 02:12:45.099	t
116	Nova92	10	2025-07-23 02:12:45.099	2025-07-23 02:12:45.099	t
114	Neo910	10	2025-07-23 02:12:45.099	2025-07-23 02:12:45.099	t
117	Mana96	10	2025-07-23 02:12:45.099	2025-07-23 02:12:45.099	t
119	Crit98	10	2025-07-23 02:12:45.099	2025-07-23 02:12:45.099	t
120	Tank97	10	2025-07-23 02:12:45.099	2025-07-23 02:12:45.099	t
118	Ghost911	10	2025-07-23 02:12:45.099	2025-07-23 02:12:45.099	t
113	Blaze99	10	2025-07-23 02:12:45.099	2025-07-23 02:12:45.099	t
\.


--
-- Data for Name: _prisma_migrations; Type: TABLE DATA; Schema: public; Owner: vasu
--

COPY public._prisma_migrations (id, checksum, finished_at, migration_name, logs, rolled_back_at, started_at, applied_steps_count) FROM stdin;
7d8493a6-0339-4f28-9eb1-2bf08256e782	5c83e36ae95d76c23a7ece80601f8ac311c8d43086c8c49dbddbcf7647a106e3	2025-07-23 03:11:13.503794+02	20250723011113_init	\N	\N	2025-07-23 03:11:13.500017+02	1
b6ffabc5-5a46-43d8-87c2-ebe3a8abd17f	d7fb5c1549eb9e5de026481b2648307715c861d7840305e373e0d07c7f8d1f91	2025-07-23 04:08:06.47812+02	20250723020806_change_status_to_boolean	\N	\N	2025-07-23 04:08:06.476506+02	1
\.


--
-- Name: CoinEarning_id_seq; Type: SEQUENCE SET; Schema: public; Owner: vasu
--

SELECT pg_catalog.setval('public."CoinEarning_id_seq"', 237, true);


--
-- Name: Team_id_seq; Type: SEQUENCE SET; Schema: public; Owner: vasu
--

SELECT pg_catalog.setval('public."Team_id_seq"', 10, true);


--
-- Name: User_id_seq; Type: SEQUENCE SET; Schema: public; Owner: vasu
--

SELECT pg_catalog.setval('public."User_id_seq"', 120, true);


--
-- Name: CoinEarning CoinEarning_pkey; Type: CONSTRAINT; Schema: public; Owner: vasu
--

ALTER TABLE ONLY public."CoinEarning"
    ADD CONSTRAINT "CoinEarning_pkey" PRIMARY KEY (id);


--
-- Name: Team Team_pkey; Type: CONSTRAINT; Schema: public; Owner: vasu
--

ALTER TABLE ONLY public."Team"
    ADD CONSTRAINT "Team_pkey" PRIMARY KEY (id);


--
-- Name: User User_pkey; Type: CONSTRAINT; Schema: public; Owner: vasu
--

ALTER TABLE ONLY public."User"
    ADD CONSTRAINT "User_pkey" PRIMARY KEY (id);


--
-- Name: _prisma_migrations _prisma_migrations_pkey; Type: CONSTRAINT; Schema: public; Owner: vasu
--

ALTER TABLE ONLY public._prisma_migrations
    ADD CONSTRAINT _prisma_migrations_pkey PRIMARY KEY (id);


--
-- Name: CoinEarning_teamId_idx; Type: INDEX; Schema: public; Owner: vasu
--

CREATE INDEX "CoinEarning_teamId_idx" ON public."CoinEarning" USING btree ("teamId");


--
-- Name: CoinEarning_timestamp_idx; Type: INDEX; Schema: public; Owner: vasu
--

CREATE INDEX "CoinEarning_timestamp_idx" ON public."CoinEarning" USING btree ("timestamp");


--
-- Name: CoinEarning_userId_idx; Type: INDEX; Schema: public; Owner: vasu
--

CREATE INDEX "CoinEarning_userId_idx" ON public."CoinEarning" USING btree ("userId");


--
-- Name: CoinEarning CoinEarning_teamId_fkey; Type: FK CONSTRAINT; Schema: public; Owner: vasu
--

ALTER TABLE ONLY public."CoinEarning"
    ADD CONSTRAINT "CoinEarning_teamId_fkey" FOREIGN KEY ("teamId") REFERENCES public."Team"(id) ON UPDATE CASCADE ON DELETE RESTRICT;


--
-- Name: CoinEarning CoinEarning_userId_fkey; Type: FK CONSTRAINT; Schema: public; Owner: vasu
--

ALTER TABLE ONLY public."CoinEarning"
    ADD CONSTRAINT "CoinEarning_userId_fkey" FOREIGN KEY ("userId") REFERENCES public."User"(id) ON UPDATE CASCADE ON DELETE RESTRICT;


--
-- Name: User User_teamId_fkey; Type: FK CONSTRAINT; Schema: public; Owner: vasu
--

ALTER TABLE ONLY public."User"
    ADD CONSTRAINT "User_teamId_fkey" FOREIGN KEY ("teamId") REFERENCES public."Team"(id) ON UPDATE CASCADE ON DELETE RESTRICT;


--
-- PostgreSQL database dump complete
--

